tunnel_id,energy_consumption_kWh
4,5272.277520595716
5,4042.0685335500257
5,7072.770900331187
4,3854.8156786236646
3,8005.109338233181
4,9546.13948105668
2,6962.7418025503985
1,1122.1447205089885
