equipment_id,fuel_consumption_liters_per_hour,energy_consumption_kWh_per_hour,hours_used
1,31.95254015709299,71.67152904533249,416.6900152330658
2,38.60757465489678,55.0069769010154,311.55796790116176
3,34.110535042865756,91.34184006256638,327.2178244375729
4,31.795327319875874,97.09302084008235,470.2386553170644
5,26.94619197355619,50.67532150606222,128.4144232791548
